{
  "summary": {
    "cumulative_reward": {
      "mean": 7824.661723194469,
      "sd": 83.58230524029024,
      "ci_lower": 7752.084006875624,
      "ci_upper": 7898.349586556181
    },
    "time_to_mastery": {
      "mean": 140.0,
      "sd": 0.0,
      "ci_lower": 140.0,
      "ci_upper": 140.0,
      "median": 140.0,
      "p25": 140.0,
      "p75": 140.0
    },
    "blueprint_adherence": {
      "mean": 98.9891869058411,
      "sd": 0.0425957976160936,
      "ci_lower": 98.95179208152524,
      "ci_upper": 99.03120516449891
    },
    "post_content_gain": {
      "mean": 0.05000339299586655,
      "sd": 0.0004770943442270666,
      "ci_lower": 0.049528994076952576,
      "ci_upper": 0.05035990528656627
    },
    "policy_stability": {
      "sd": 83.58230524029024,
      "cv": 0.010681906540768284,
      "ci_lower": 7750.973859832756,
      "ci_upper": 7900.140213538379
    }
  },
  "per_seed_elapsed_sec": [
    79.4849443435669,
    75.11972689628601,
    74.63303017616272,
    74.58145403862,
    74.90426421165466
  ]
}