{
  "video": {
    "mean": 0.07353402809583649,
    "std": 0.017748632463775657,
    "count": 274
  },
  "PPT": {
    "mean": 0.059526850712795704,
    "std": 0.013689079080751525,
    "count": 272
  },
  "text": {
    "mean": 0.03822104167965735,
    "std": 0.012438133505727682,
    "count": 278
  },
  "blog": {
    "mean": 0.04682115818159008,
    "std": 0.014053415617504953,
    "count": 284
  },
  "article": {
    "mean": 0.04388101965292769,
    "std": 0.013359111176188307,
    "count": 279
  },
  "handout": {
    "mean": 0.03675039435334015,
    "std": 0.010574897124137445,
    "count": 273
  }
}