{
  "auc_10k": {
    "mean": 3947.527803906358,
    "std": 0.0
  },
  "wall_clock_time_minutes": {
    "mean": 367.94009356101355,
    "std": 0.0
  },
  "checkpoints": {
    "10000": 3947.527803906358,
    "25000": 10847.625225831973
  },
  "time_to_mastery": {
    "mean": 103.55254237288136,
    "std": 0.0
  },
  "cumulative_reward": {
    "mean": 65.04968571960477,
    "std": 0.0,
    "ci_95": [
      65.04968571960477,
      65.04968571960477
    ]
  },
  "question_accuracy": {
    "mean": 0.7443895587939362,
    "std": 0.2086120815000383
  },
  "blueprint_adherence": {
    "mean": 0.829779656508161,
    "std": 0.03544307726197038
  },
  "post_content_gain": {
    "mean": 0.0,
    "std": 0.0
  },
  "mean_frustration": {
    "mean": 0.1610270676691729,
    "std": 0.16417345438278183
  },
  "final_mastery": {
    "mean": 0.43280218425842676,
    "std": 0.04101906154844881
  },
  "num_seeds": 1
}