{
  "video": {
    "mean": 0.06813311242659792,
    "std": 0.014958687755450355,
    "count": 272
  },
  "PPT": {
    "mean": 0.05696083818812704,
    "std": 0.01482301782094886,
    "count": 278
  },
  "text": {
    "mean": 0.038702572699358964,
    "std": 0.012685458812069103,
    "count": 284
  },
  "blog": {
    "mean": 0.048737081811119,
    "std": 0.015012588507529593,
    "count": 266
  },
  "article": {
    "mean": 0.04061686749139429,
    "std": 0.014187310194935973,
    "count": 276
  },
  "handout": {
    "mean": 0.0364556644845545,
    "std": 0.012103916542122225,
    "count": 275
  }
}