{
  "auc_10k": {
    "mean": 3311.8493154005587,
    "std": 0.0
  },
  "wall_clock_time_minutes": {
    "mean": 331.9178965051969,
    "std": 0.0
  },
  "checkpoints": {
    "10000": 3311.8493154005587,
    "25000": 9462.843981132633
  },
  "time_to_mastery": {
    "mean": 93.57966101694915,
    "std": 0.0
  },
  "cumulative_reward": {
    "mean": 2.0666129513306624,
    "std": 0.0,
    "ci_95": [
      2.0666129513306624,
      2.0666129513306624
    ]
  },
  "question_accuracy": {
    "mean": 0.2720937528687454,
    "std": 0.09814941790309056
  },
  "blueprint_adherence": {
    "mean": 0.7585849910268168,
    "std": 0.04653685831529178
  },
  "post_content_gain": {
    "mean": 0.0,
    "std": 0.0
  },
  "mean_frustration": {
    "mean": 0.5277206349206348,
    "std": 0.10207429778143809
  },
  "final_mastery": {
    "mean": 0.31158181136990704,
    "std": 0.022969603835921688
  },
  "num_seeds": 1
}