seed,episode,return,cumulative_reward,ttm,total_steps,question_accuracy,content_rate,blueprint_adherence,post_content_gain,post_content_gain_video,post_content_gain_PPT,post_content_gain_text,post_content_gain_blog,post_content_gain_article,post_content_gain_handout,final_mastery,mean_frustration
0,1,45.434070341326546,45.434070341326546,140,140,0.8936170212765957,0.6642857142857143,100.0,0.04994874101488249,0.0890312958259801,0.05761375347716483,0.04680055064815303,0.050811149472971356,0.034564983303958796,0.04064704978620111,0.48563405871391296,0.07157142857142858
1,1,36.22652002170204,36.22652002170204,140,140,0.8292682926829268,0.7071428571428572,100.0,0.04848402595871953,0.07176279677747914,0.06272919166187159,0.03798629416071192,0.049912796029681746,0.035475521969193596,0.03601050919330287,0.5161457657814026,0.08307142857142859
