seed,episode,return,cumulative_reward,ttm,total_steps,question_accuracy,content_rate,blueprint_adherence,post_content_gain,post_content_gain_video,post_content_gain_PPT,post_content_gain_text,post_content_gain_blog,post_content_gain_article,post_content_gain_handout,final_mastery,mean_frustration
0,1,47.578366825503345,47.578366825503345,140,140,0.9361702127659575,0.6642857142857143,100.0,0.04922356332727758,0.0,0.0,0.0,0.0,0.0,0.0,0.48559805750846863,0.06414285714285714
0,2,6.408956370248004,6.408956370248004,86,86,0.2916666666666667,0.7209302325581395,100.0,0.04261220383852624,0.0,0.0,0.0,0.0,0.0,0.0,0.3790331780910492,0.3762790697674419
0,3,33.720964447509104,33.720964447509104,140,140,0.6037735849056604,0.6214285714285714,100.0,0.05373452464557735,0.0,0.0,0.0,0.0,0.0,0.0,0.4357077479362488,0.17892857142857146
0,4,49.51488541460573,49.51488541460573,140,140,0.9130434782608695,0.6714285714285714,100.0,0.05192592339637325,0.0,0.0,0.0,0.0,0.0,0.0,0.5152097344398499,0.021357142857142863
0,5,26.119486888327106,26.119486888327106,140,140,0.575,0.7142857142857143,100.0,0.04914867874209358,0.0,0.0,0.0,0.0,0.0,0.0,0.4568566679954529,0.23892857142857146
