seed,episode,return,cumulative_reward,ttm,total_steps,question_accuracy,content_rate,blueprint_adherence,post_content_gain,post_content_gain_video,post_content_gain_PPT,post_content_gain_text,post_content_gain_blog,post_content_gain_article,post_content_gain_handout,final_mastery,mean_frustration
0,1,47.92367650871889,47.92367650871889,140,140,0.9361702127659575,0.6642857142857143,100.0,0.05109888156776822,0.0,0.0,0.0,0.0,0.0,0.0,0.4911781847476959,0.06414285714285714
0,2,6.586224373404293,6.586224373404293,86,86,0.2916666666666667,0.7209302325581395,100.0,0.04404606249471682,0.0,0.0,0.0,0.0,0.0,0.0,0.3819611668586731,0.3762790697674419
0,3,33.03459577838087,33.03459577838087,140,140,0.5849056603773585,0.6214285714285714,100.0,0.054573219548677485,0.0,0.0,0.0,0.0,0.0,0.0,0.43731987476348877,0.16514285714285717
0,4,47.33846211784011,47.33846211784011,140,140,0.8695652173913043,0.6714285714285714,100.0,0.051918040452747394,0.0,0.0,0.0,0.0,0.0,0.0,0.512522280216217,0.03621428571428572
0,5,24.37735030828369,24.37735030828369,140,140,0.55,0.7142857142857143,100.0,0.04854785796731251,0.0,0.0,0.0,0.0,0.0,0.0,0.453989177942276,0.2855714285714286
