{
  "summary": {
    "cumulative_reward": {
      "mean": 25.065580698122822,
      "std": 1.0754334737716196,
      "ci_95": [
        1439.4088334610722,
        1568.4608503136665
      ]
    },
    "time_to_mastery": {
      "mean": 122.43333333333334,
      "std": 4.799999999999997,
      "ci_95": [
        0.0,
        0.0
      ]
    },
    "question_accuracy": {
      "mean": 0.5883114249638153,
      "std": 0.013573992893236686
    },
    "blueprint_adherence": {
      "mean": 100.0,
      "std": 0.0
    },
    "post_content_gain": {
      "mean": 0.04714102709499805,
      "std": 0.0004362531034222128
    },
    "mean_frustration": {
      "mean": 0.2189187900123272,
      "std": 0.013077663699834763
    },
    "final_mastery": {
      "mean": 0.445506385465463,
      "std": 0.012562377750873543
    },
    "calibration_mae": {
      "mean": 0.5228848357336593,
      "std": 0.0004404068029481012
    },
    "auc_10k": {
      "mean": 1503.9348418873687,
      "std": 64.52600842629727
    },
    "wall_clock_time_minutes": {
      "mean": 6.531870110829671,
      "std": 0.3529503703117367
    },
    "num_seeds": 2
  },
  "per_seed": [
    {
      "seed": 0,
      "duration_s": 370.73518419265747,
      "cumulative_reward": 1568.4608503136665,
      "mean_ttm": 0.0
    },
    {
      "seed": 1,
      "duration_s": 413.08922839164734,
      "cumulative_reward": 1439.4088334610722,
      "mean_ttm": 0.0
    }
  ]
}