{
  "auc_10k": 163.3426599461933,
  "checkpoints": {},
  "wall_clock_time_minutes": 0.7910546700159709,
  "seed": 0,
  "episodes_completed": 5,
  "total_return": 163.3426599461933,
  "mean_return": 32.66853198923866
}