{
  "summary": {
    "cumulative_reward": {
      "mean": 40.830295181514295,
      "std": 4.603775159812251,
      "ci_95": [
        36.22652002170204,
        45.434070341326546
      ]
    },
    "time_to_mastery": {
      "mean": 140.0,
      "std": 0.0,
      "ci_95": [
        0.0,
        0.0
      ]
    },
    "question_accuracy": {
      "mean": 0.8614426569797613,
      "std": 0.03217436429683446
    },
    "blueprint_adherence": {
      "mean": 100.0,
      "std": 0.0
    },
    "post_content_gain": {
      "mean": 0.049216383486801005,
      "std": 0.0007323575280814808
    },
    "mean_frustration": {
      "mean": 0.07732142857142858,
      "std": 0.005750000000000005
    },
    "final_mastery": {
      "mean": 0.5008899122476578,
      "std": 0.015255853533744812
    },
    "calibration_mae": {
      "mean": 0.5389828961371571,
      "std": 0.0027235596946749707
    },
    "auc_10k": {
      "mean": 40.830295181514295,
      "std": 4.603775159812251
    },
    "wall_clock_time_minutes": {
      "mean": 0.09835082689921061,
      "std": 0.0029135425885518373
    },
    "num_seeds": 2
  },
  "per_seed": [
    {
      "seed": 0,
      "duration_s": 6.075861692428589,
      "cumulative_reward": 45.434070341326546,
      "mean_ttm": 0.0
    },
    {
      "seed": 1,
      "duration_s": 5.726236581802368,
      "cumulative_reward": 36.22652002170204,
      "mean_ttm": 0.0
    }
  ]
}