{
  "auc_10k": 159.26030908662787,
  "checkpoints": {},
  "wall_clock_time_minutes": 0.7975438912709554,
  "seed": 0,
  "episodes_completed": 5,
  "total_return": 159.26030908662787,
  "mean_return": 31.852061817325573
}