{
  "auc_10k": 1267.9373627349537,
  "checkpoints": {},
  "wall_clock_time_minutes": 5.19297506014506,
  "seed": 0,
  "episodes_completed": 50,
  "total_return": 1267.9373627349537,
  "mean_return": 25.358747254699075
}