{
  "video": {
    "mean": 0.06844800491062576,
    "std": 0.015789549610374546,
    "count": 275
  },
  "PPT": {
    "mean": 0.057412632178990855,
    "std": 0.01416008545847872,
    "count": 275
  },
  "text": {
    "mean": 0.037936274981840545,
    "std": 0.011540351653923774,
    "count": 280
  },
  "blog": {
    "mean": 0.04762723024595794,
    "std": 0.012691926192551585,
    "count": 278
  },
  "article": {
    "mean": 0.04400483148152922,
    "std": 0.01131264238595838,
    "count": 278
  },
  "handout": {
    "mean": 0.039489902232313495,
    "std": 0.01245300419087427,
    "count": 275
  }
}