{
  "auc_10k": {
    "mean": 3768.5632178186665,
    "std": 0.0
  },
  "wall_clock_time_minutes": {
    "mean": 353.60910651286446,
    "std": 0.0
  },
  "checkpoints": {
    "10000": 3768.5632178186665,
    "25000": 10153.110138460153
  },
  "time_to_mastery": {
    "mean": 99.78983050847458,
    "std": 0.0
  },
  "cumulative_reward": {
    "mean": 21.038975564320744,
    "std": 0.0,
    "ci_95": [
      21.038975564320744,
      21.038975564320744
    ]
  },
  "question_accuracy": {
    "mean": 0.4912689712689713,
    "std": 0.19177047813841783
  },
  "blueprint_adherence": {
    "mean": 0.8066535866535866,
    "std": 0.027738440657885072
  },
  "post_content_gain": {
    "mean": 0.0,
    "std": 0.0
  },
  "mean_frustration": {
    "mean": 0.4132514724808843,
    "std": 0.17801705282974908
  },
  "final_mastery": {
    "mean": 0.33542556562023296,
    "std": 0.059473075872195254
  },
  "num_seeds": 1
}