{
  "summary": {
    "cumulative_reward": {
      "mean": 7966.799077243278,
      "std": 80.92577248485217,
      "ci_lower": 7899.240428817752,
      "ci_upper": 8042.5651463062695
    },
    "time_to_mastery": {
      "mean": 140.0,
      "std": 0.0,
      "ci_lower": 140.0,
      "ci_upper": 140.0,
      "median": 140.0,
      "p25": 140.0,
      "p75": 140.0
    },
    "blueprint_adherence": {
      "mean": 99.01414677185024,
      "std": 0.0721705360796011,
      "ci_lower": 98.95306956057705,
      "ci_upper": 99.0752239831234
    },
    "post_content_gain": {
      "mean": 0.04993763134073229,
      "std": 0.00048056720200944817,
      "ci_lower": 0.04944736638478394,
      "ci_upper": 0.050348049903103896
    },
    "question_accuracy": {
      "mean": 0.5916936439971799,
      "std": 0.004108475574423579,
      "ci_lower": 0.588165317609015,
      "ci_upper": 0.5951651448698937
    },
    "final_mastery": {
      "mean": 0.42408400831974136,
      "std": 0.001960891541225525,
      "ci_lower": 0.4223926836106696,
      "ci_upper": 0.42572224341527354
    },
    "mean_frustration": {
      "mean": 0.1920193134408528,
      "std": 0.0035682180750790313,
      "ci_lower": 0.18862817419692537,
      "ci_upper": 0.1946573559647136
    },
    "auc_10k": {
      "mean": 2676.206660362261,
      "std": 34.511945611361924,
      "ci_lower": 2641.441929921965,
      "ci_upper": 2706.039619543692
    },
    "wall_clock_time_minutes": {
      "mean": 0.0,
      "std": 0.0,
      "ci_lower": 0.0,
      "ci_upper": 0.0
    },
    "policy_stability": {
      "sd": 80.92577248485217,
      "cv": 0.010157877925654254,
      "ci_lower": 7898.1559037194165,
      "ci_upper": 8042.5651463062695
    },
    "num_seeds": 5
  },
  "per_seed_elapsed_sec": [
    84.03545117378235,
    80.54780626296997,
    79.6432192325592,
    78.97402334213257,
    80.3872172832489
  ]
}