{
  "video": {
    "mean": 0.07077620948632803,
    "std": 0.015664310012117644,
    "count": 1101
  },
  "PPT": {
    "mean": 0.05752021197883326,
    "std": 0.01378459648527315,
    "count": 1103
  },
  "text": {
    "mean": 0.037583135800382354,
    "std": 0.011960590982685156,
    "count": 1121
  },
  "blog": {
    "mean": 0.0482015782183022,
    "std": 0.013381172169743915,
    "count": 1102
  },
  "article": {
    "mean": 0.04178458724992815,
    "std": 0.012816803889694745,
    "count": 1109
  },
  "handout": {
    "mean": 0.036767715650041596,
    "std": 0.01132839721552854,
    "count": 1107
  }
}