{
  "video": {
    "mean": 0.07031090697301544,
    "std": 0.015717019512230458,
    "count": 1376
  },
  "PPT": {
    "mean": 0.05749874286057734,
    "std": 0.013860409958137683,
    "count": 1378
  },
  "text": {
    "mean": 0.037653713224228384,
    "std": 0.011878631441258666,
    "count": 1401
  },
  "blog": {
    "mean": 0.04808587623546763,
    "std": 0.013247212335011329,
    "count": 1380
  },
  "article": {
    "mean": 0.04222959654797076,
    "std": 0.012561283395675362,
    "count": 1387
  },
  "handout": {
    "mean": 0.037309395324516825,
    "std": 0.011611872056497184,
    "count": 1382
  }
}