{
  "video": {
    "mean": 0.058602077327287394,
    "std": 0.022024363506111807,
    "count": 5
  },
  "PPT": {
    "mean": 0.05720067490977043,
    "std": 0.00594141521275437,
    "count": 5
  },
  "text": {
    "mean": 0.036403799519123425,
    "std": 0.00544751109952268,
    "count": 5
  },
  "blog": {
    "mean": 0.04476317184656195,
    "std": 0.004532385908463024,
    "count": 5
  },
  "article": {
    "mean": 0.03883163972677926,
    "std": 0.003602930402081811,
    "count": 5
  },
  "handout": {
    "mean": 0.026596470153516415,
    "std": 0.006871875025248838,
    "count": 4
  }
}