{
  "auc_10k": {
    "mean": 3102.807554806054,
    "std": 0.0
  },
  "wall_clock_time_minutes": {
    "mean": 370.6128710746765,
    "std": 0.0
  },
  "checkpoints": {
    "10000": 3102.807554806054,
    "25000": 7557.23891916399
  },
  "time_to_mastery": {
    "mean": 103.34915254237288,
    "std": 0.0
  },
  "cumulative_reward": {
    "mean": 39.2505031521096,
    "std": 0.0,
    "ci_95": [
      39.2505031521096,
      39.2505031521096
    ]
  },
  "question_accuracy": {
    "mean": 0.6630911348199674,
    "std": 0.15068842895935003
  },
  "blueprint_adherence": {
    "mean": 0.7646217709649973,
    "std": 0.08439194170346632
  },
  "post_content_gain": {
    "mean": 0.0,
    "std": 0.0
  },
  "mean_frustration": {
    "mean": 0.23810041889354325,
    "std": 0.14731373498145703
  },
  "final_mastery": {
    "mean": 0.4288479230977468,
    "std": 0.02903287850801599
  },
  "num_seeds": 1
}