{
  "auc_10k": {
    "mean": 3554.5236424097097,
    "std": 0.0
  },
  "wall_clock_time_minutes": {
    "mean": 355.1391427864631,
    "std": 0.0
  },
  "checkpoints": {
    "10000": 3855.909895525868,
    "25000": 10524.809438699887
  },
  "time_to_mastery": {
    "mean": 99.5771186440678,
    "std": 0.0
  },
  "cumulative_reward": {
    "mean": 32.22215440829012,
    "std": 0.0
  },
  "question_accuracy": {
    "mean": 0.5411491598059486,
    "std": 0.1705113392303131
  },
  "blueprint_adherence": {
    "mean": 0.7999480750498243,
    "std": 0.049324574422140346
  },
  "post_content_gain": {
    "mean": 0.0,
    "std": 0.0
  },
  "mean_frustration": {
    "mean": 0.3291398946506751,
    "std": 0.1528350793499055
  },
  "final_mastery": {
    "mean": 0.3791852005964914,
    "std": 0.03663237111740147
  },
  "num_seeds": 4
}