{
  "auc_10k": {
    "mean": 3597.331557491501,
    "std": 0.0
  },
  "wall_clock_time_minutes": {
    "mean": 354.8331355317433,
    "std": 0.0
  },
  "checkpoints": {
    "10000": 3855.909895525868,
    "25000": 10524.809438699887
  },
  "time_to_mastery": {
    "mean": 99.61966101694915,
    "std": 0.0
  },
  "cumulative_reward": {
    "mean": 29.985518639496245,
    "std": 0.0
  },
  "question_accuracy": {
    "mean": 0.5311731220985532,
    "std": 0.17476316701193406
  },
  "blueprint_adherence": {
    "mean": 0.8012891773705768,
    "std": 0.045007347669289294
  },
  "post_content_gain": {
    "mean": 0.0,
    "std": 0.0
  },
  "mean_frustration": {
    "mean": 0.3459622102167169,
    "std": 0.15787147404587423
  },
  "final_mastery": {
    "mean": 0.37043327360123973,
    "std": 0.04120051206836022
  },
  "num_seeds": 5
}