{
  "seed_returns": [
    [
      51.04795177989136,
      -1.5671843663712175,
      46.17936169640109,
      45.6477469677022,
      28.063873658710115,
      72.92732300619907,
      13.229399562246035,
      6.171998385137523,
      13.534021128943902,
      3.908999057526393
    ]
  ],
  "episodes": [
    0,
    1,
    2,
    3,
    4,
    5,
    6,
    7,
    8,
    9
  ]
}