{
  "video": {
    "mean": 0.06787477202211595,
    "std": 0.00444301273581039,
    "count": 9
  },
  "PPT": {
    "mean": 0.05429758153153112,
    "std": 0.008779299214285339,
    "count": 9
  },
  "text": {
    "mean": 0.03742066186702962,
    "std": 0.006757388779487029,
    "count": 9
  },
  "blog": {
    "mean": 0.046406661073845126,
    "std": 0.00571224403689421,
    "count": 9
  },
  "article": {
    "mean": 0.04423433560543614,
    "std": 0.0069722325585387145,
    "count": 9
  },
  "handout": {
    "mean": 0.035080127055005975,
    "std": 0.005247092077670403,
    "count": 9
  }
}