{
  "seed_returns": [
    [
      51.04795177989136,
      15.081104181856588,
      45.17842339663499,
      5.376909936413714,
      18.292693781327205,
      43.42477755717495,
      44.67859258834931,
      28.00531447202314,
      43.24280496300722,
      44.417255871596176
    ]
  ],
  "episodes": [
    0,
    1,
    2,
    3,
    4,
    5,
    6,
    7,
    8,
    9
  ]
}