{
  "video": {
    "mean": 0.07099475479102971,
    "std": 0.01466871933251543,
    "count": 270
  },
  "PPT": {
    "mean": 0.057557261142944426,
    "std": 0.013527917020476824,
    "count": 270
  },
  "text": {
    "mean": 0.03780906364230143,
    "std": 0.012389894863329124,
    "count": 276
  },
  "blog": {
    "mean": 0.047756958726384406,
    "std": 0.01264487772510451,
    "count": 271
  },
  "article": {
    "mean": 0.043713871001614654,
    "std": 0.013021627913677088,
    "count": 274
  },
  "handout": {
    "mean": 0.03598984573248954,
    "std": 0.012661126792541031,
    "count": 271
  }
}