{
  "auc_10k": {
    "mean": 3855.909895525868,
    "std": 0.0
  },
  "wall_clock_time_minutes": {
    "mean": 350.08571000496545,
    "std": 0.0
  },
  "checkpoints": {
    "10000": 3855.909895525868,
    "25000": 10524.809438699887
  },
  "time_to_mastery": {
    "mean": 97.8271186440678,
    "std": 0.0
  },
  "cumulative_reward": {
    "mean": 22.52181581011546,
    "std": 0.0,
    "ci_95": [
      22.52181581011546,
      22.52181581011546
    ]
  },
  "question_accuracy": {
    "mean": 0.4850221927411453,
    "std": 0.22459542855877357
  },
  "blueprint_adherence": {
    "mean": 0.8468058816993222,
    "std": 0.03092642040783291
  },
  "post_content_gain": {
    "mean": 0.0,
    "std": 0.0
  },
  "mean_frustration": {
    "mean": 0.3897114571193494,
    "std": 0.19777883025394502
  },
  "final_mastery": {
    "mean": 0.3435088836598851,
    "std": 0.05350794057721939
  },
  "num_seeds": 1
}