{
  "video": {
    "mean": 0.07044032481605374,
    "std": 0.014611992962697854,
    "count": 285
  },
  "PPT": {
    "mean": 0.056105713405930534,
    "std": 0.012800951419446358,
    "count": 283
  },
  "text": {
    "mean": 0.0356127683158683,
    "std": 0.009894306073645581,
    "count": 283
  },
  "blog": {
    "mean": 0.049518614577898995,
    "std": 0.011442250641450394,
    "count": 281
  },
  "article": {
    "mean": 0.03895873819620095,
    "std": 0.009545418840345316,
    "count": 280
  },
  "handout": {
    "mean": 0.03781405430339248,
    "std": 0.009735676428345393,
    "count": 288
  }
}