{
  "video": {
    "mean": 0.07446988840350738,
    "std": 0.023392607138866536,
    "count": 9
  },
  "PPT": {
    "mean": 0.05582108115330431,
    "std": 0.0071991910376340935,
    "count": 9
  },
  "text": {
    "mean": 0.03509478232020878,
    "std": 0.007455624139230029,
    "count": 9
  },
  "blog": {
    "mean": 0.042343848860004425,
    "std": 0.012953744706378292,
    "count": 8
  },
  "article": {
    "mean": 0.04140659460479887,
    "std": 0.007338390546330846,
    "count": 9
  },
  "handout": {
    "mean": 0.03314217204754248,
    "std": 0.007136900474700178,
    "count": 9
  }
}