{
  "seed_returns": [
    [
      8.823447914174285,
      43.13462091215807,
      4.166517226936438,
      0.9404946651241499,
      23.77335948291069,
      6.926561033618394,
      35.14513517018739,
      20.276449514656306,
      37.90482254941272,
      15.248395542789817
    ]
  ],
  "episodes": [
    0,
    1,
    2,
    3,
    4,
    5,
    6,
    7,
    8,
    9
  ]
}