{
  "algorithms": [
    "DQN",
    "PETS",
    "MBPO",
    "PPO"
  ],
  "metrics": {
    "time_to_mastery": {
      "DQN": {
        "mean": 140.0,
        "std": 0.0,
        "ci_95": [
          0.0,
          0.0
        ]
      },
      "PETS": {
        "mean": 99.38448275862069,
        "std": 4.3289230659392,
        "ci_95": [
          0.0,
          0.0
        ]
      },
      "MBPO": {
        "mean": 107.78847457627118,
        "std": 24.971177327041172,
        "ci_95": [
          0.0,
          0.0
        ]
      },
      "PPO": {
        "mean": 105.69016949152542,
        "std": 9.218824302306965,
        "ci_95": [
          0.0,
          0.0
        ]
      }
    },
    "cumulative_reward": {
      "DQN": {
        "mean": 25.393493971141698,
        "std": 9.011960902782103,
        "ci_95": [
          0.0,
          0.0
        ]
      },
      "PETS": {
        "mean": 14.047063375989156,
        "std": 15.84015407058179,
        "ci_95": [
          0.0,
          0.0
        ]
      },
      "MBPO": {
        "mean": 18.283586727758625,
        "std": 11.467302774234744,
        "ci_95": [
          2572.283573964423,
          8412.605429111116
        ]
      },
      "PPO": {
        "mean": 49.910221776357304,
        "std": 6.105329298343859,
        "ci_95": [
          13074.018875796437,
          16249.916221929696
        ]
      }
    },
    "question_accuracy": {
      "DQN": {
        "mean": 0.5794336292434473,
        "std": 0.062075073111295495,
        "ci_95": [
          0.0,
          0.0
        ]
      },
      "PETS": {
        "mean": 0.5411491598059486,
        "std": 0.18146456505689582,
        "ci_95": [
          0.0,
          0.0
        ]
      },
      "MBPO": {
        "mean": 0.41519699272825356,
        "std": 0.20151995101251527,
        "ci_95": [
          0.0,
          0.0
        ]
      },
      "PPO": {
        "mean": 0.6165722047673639,
        "std": 0.007729740362312588,
        "ci_95": [
          0.0,
          0.0
        ]
      }
    },
    "post_content_gain": {
      "DQN": {
        "mean": 0.050093847663372174,
        "std": 0.0019011276888234478,
        "ci_95": [
          0.0,
          0.0
        ]
      },
      "PETS": {
        "mean": 0.049350155594082616,
        "std": 0.004908353603658783,
        "ci_95": [
          0.0,
          0.0
        ]
      },
      "MBPO": {
        "mean": 0.03542999117141381,
        "std": 0.00910172883036794,
        "ci_95": [
          0.0,
          0.0
        ]
      },
      "PPO": {
        "mean": 0.047437989325386974,
        "std": 0.0012314611470859418,
        "ci_95": [
          0.0,
          0.0
        ]
      }
    },
    "mean_frustration": {
      "DQN": {
        "mean": 0.1899975280762106,
        "std": 0.05555963820008175,
        "ci_95": [
          0.0,
          0.0
        ]
      },
      "PETS": {
        "mean": 0.3291398946506751,
        "std": 0.14111461062546607,
        "ci_95": [
          0.0,
          0.0
        ]
      },
      "MBPO": {
        "mean": 0.20141995634721663,
        "std": 0.0967799199902894,
        "ci_95": [
          0.0,
          0.0
        ]
      },
      "PPO": {
        "mean": 0.2359061383893409,
        "std": 0.030766003862625443,
        "ci_95": [
          0.0,
          0.0
        ]
      }
    }
  }
}