{
  "algorithms": [
    "DQN",
    "PETS",
    "MBPO",
    "PPO",
    "Heuristic"
  ],
  "metrics": {
    "time_to_mastery": {
      "DQN": {
        "mean": 140.0,
        "std": 0.0,
        "ci_95": [
          0.0,
          0.0
        ]
      },
      "PETS": {
        "mean": 99.34551724137931,
        "std": 3.872690689274308,
        "ci_95": [
          0.0,
          0.0
        ]
      },
      "MBPO": {
        "mean": 107.78847457627118,
        "std": 24.971177327041172,
        "ci_95": [
          0.0,
          0.0
        ]
      },
      "PPO": {
        "mean": 105.69016949152542,
        "std": 9.218824302306965,
        "ci_95": [
          0.0,
          0.0
        ]
      },
      "Heuristic": {
        "mean": 25000.0,
        "std": 3000.0,
        "ci_95": [
          0.0,
          0.0
        ]
      }
    },
    "cumulative_reward": {
      "DQN": {
        "mean": 25.393493971141698,
        "std": 9.011960902782103,
        "ci_95": [
          0.0,
          0.0
        ]
      },
      "PETS": {
        "mean": 13.124793232985377,
        "std": 14.28743201735427,
        "ci_95": [
          0.0,
          0.0
        ]
      },
      "MBPO": {
        "mean": 18.283586727758625,
        "std": 11.467302774234744,
        "ci_95": [
          2572.283573964423,
          8412.605429111116
        ]
      },
      "PPO": {
        "mean": 49.910221776357304,
        "std": 6.105329298343859,
        "ci_95": [
          13074.018875796437,
          16249.916221929696
        ]
      },
      "Heuristic": {
        "mean": 50.0,
        "std": 10.0,
        "ci_95": [
          0.0,
          0.0
        ]
      }
    },
    "question_accuracy": {
      "DQN": {
        "mean": 0.5794336292434473,
        "std": 0.062075073111295495,
        "ci_95": [
          0.0,
          0.0
        ]
      },
      "PETS": {
        "mean": 0.5311731220985532,
        "std": 0.16352857857386338,
        "ci_95": [
          0.0,
          0.0
        ]
      },
      "MBPO": {
        "mean": 0.41519699272825356,
        "std": 0.20151995101251527,
        "ci_95": [
          0.0,
          0.0
        ]
      },
      "PPO": {
        "mean": 0.6165722047673639,
        "std": 0.007729740362312588,
        "ci_95": [
          0.0,
          0.0
        ]
      },
      "Heuristic": {
        "mean": 0.55,
        "std": 0.05,
        "ci_95": [
          0.0,
          0.0
        ]
      }
    },
    "post_content_gain": {
      "DQN": {
        "mean": 0.050093847663372174,
        "std": 0.0019011276888234478,
        "ci_95": [
          0.0,
          0.0
        ]
      },
      "PETS": {
        "mean": 0.04882903490965888,
        "std": 0.004512185185669705,
        "ci_95": [
          0.0,
          0.0
        ]
      },
      "MBPO": {
        "mean": 0.03542999117141381,
        "std": 0.00910172883036794,
        "ci_95": [
          0.0,
          0.0
        ]
      },
      "PPO": {
        "mean": 0.047437989325386974,
        "std": 0.0012314611470859418,
        "ci_95": [
          0.0,
          0.0
        ]
      },
      "Heuristic": {
        "mean": 0.1,
        "std": 0.02,
        "ci_95": [
          0.0,
          0.0
        ]
      }
    },
    "mean_frustration": {
      "DQN": {
        "mean": 0.1899975280762106,
        "std": 0.05555963820008175,
        "ci_95": [
          0.0,
          0.0
        ]
      },
      "PETS": {
        "mean": 0.3459622102167169,
        "std": 0.13062399423381407,
        "ci_95": [
          0.0,
          0.0
        ]
      },
      "MBPO": {
        "mean": 0.20141995634721663,
        "std": 0.0967799199902894,
        "ci_95": [
          0.0,
          0.0
        ]
      },
      "PPO": {
        "mean": 0.2359061383893409,
        "std": 0.030766003862625443,
        "ci_95": [
          0.0,
          0.0
        ]
      },
      "Heuristic": {
        "mean": 0.4,
        "std": 0.05,
        "ci_95": [
          0.0,
          0.0
        ]
      }
    }
  }
}