{
  "algorithms": [
    "DQN",
    "PETS",
    "MBPO",
    "PPO"
  ],
  "metrics": {
    "time_to_mastery": {
      "DQN": {
        "mean": 140.0,
        "std": 0.0,
        "ci_95": [
          0.0,
          0.0
        ]
      },
      "PETS": {
        "mean": 125.88888888888889,
        "std": 0.0,
        "ci_95": [
          0.0,
          0.0
        ]
      },
      "MBPO": {
        "mean": 107.78847457627118,
        "std": 24.971177327041172,
        "ci_95": [
          0.0,
          0.0
        ]
      },
      "PPO": {
        "mean": 105.69016949152542,
        "std": 9.218824302306965,
        "ci_95": [
          0.0,
          0.0
        ]
      }
    },
    "cumulative_reward": {
      "DQN": {
        "mean": 25.393493971141698,
        "std": 9.011960902782103,
        "ci_95": [
          0.0,
          0.0
        ]
      },
      "PETS": {
        "mean": 44.417255871596176,
        "std": 0.0,
        "ci_95": [
          0.0,
          0.0
        ]
      },
      "MBPO": {
        "mean": 27.050935818264314,
        "std": 37.33928385002235,
        "ci_95": [
          0.0,
          0.0
        ]
      },
      "PPO": {
        "mean": 73.5875980022202,
        "std": 36.29952970894086,
        "ci_95": [
          0.0,
          0.0
        ]
      }
    },
    "question_accuracy": {
      "DQN": {
        "mean": 0.5794336292434473,
        "std": 0.062075073111295495,
        "ci_95": [
          0.0,
          0.0
        ]
      },
      "PETS": {
        "mean": 0.7718280801394661,
        "std": 0.0,
        "ci_95": [
          0.0,
          0.0
        ]
      },
      "MBPO": {
        "mean": 0.22689250223988777,
        "std": 0.3011190967348569,
        "ci_95": [
          0.0,
          0.0
        ]
      },
      "PPO": {
        "mean": 0.6923463180921734,
        "std": 0.033578782371140634,
        "ci_95": [
          0.0,
          0.0
        ]
      }
    },
    "blueprint_adherence": {
      "DQN": {
        "mean": 98.96275942027569,
        "std": 0.40481529449960113,
        "ci_95": [
          0.0,
          0.0
        ]
      },
      "PETS": {
        "mean": 0.7433761050540644,
        "std": 0.0,
        "ci_95": [
          0.0,
          0.0
        ]
      },
      "MBPO": {
        "mean": 100.0,
        "std": 0.0,
        "ci_95": [
          0.0,
          0.0
        ]
      },
      "PPO": {
        "mean": 99.4106630482072,
        "std": 0.20593783989562503,
        "ci_95": [
          0.0,
          0.0
        ]
      }
    },
    "post_content_gain": {
      "DQN": {
        "mean": 0.050093847663372174,
        "std": 0.0019011276888234478,
        "ci_95": [
          0.0,
          0.0
        ]
      },
      "PETS": {
        "mean": 0.04950445951848097,
        "std": 0.0,
        "ci_95": [
          0.0,
          0.0
        ]
      },
      "MBPO": {
        "mean": 0.022956119699726354,
        "std": 0.010889445872893318,
        "ci_95": [
          0.0,
          0.0
        ]
      },
      "PPO": {
        "mean": 0.0473168161900529,
        "std": 0.001059710368646563,
        "ci_95": [
          0.0,
          0.0
        ]
      }
    },
    "mean_frustration": {
      "DQN": {
        "mean": 0.1899975280762106,
        "std": 0.05555963820008175,
        "ci_95": [
          0.0,
          0.0
        ]
      },
      "PETS": {
        "mean": 0.06484285714285715,
        "std": 0.0,
        "ci_95": [
          0.0,
          0.0
        ]
      },
      "MBPO": {
        "mean": 0.2858260805860806,
        "std": 0.22543524631527223,
        "ci_95": [
          0.0,
          0.0
        ]
      },
      "PPO": {
        "mean": 0.24534666359154747,
        "std": 0.02418087994395651,
        "ci_95": [
          0.0,
          0.0
        ]
      }
    }
  }
}